outcome,innings,team_wkts,team_score,team_lead,bat_score,bat_balls,bat_avg,bowl_balls,bowl_runs,bowl_wkts,bowl_avg
0,1,0,0,0,0,0,29.5,0,0,0,28.67
1lb,1,0,0,0,0,1,29.5,1,0,0,28.67
0,1,0,1,1,0,0,46.8,2,0,0,28.67
W,1,0,1,1,0,1,46.8,3,0,0,28.67
1,1,1,1,1,0,0,38.45,4,0,1,28.67
0,1,1,2,2,0,2,29.5,5,1,1,28.67
0,1,1,2,2,1,1,38.45,0,0,0,13.53
1lb,1,1,2,2,1,2,38.45,1,0,0,13.53
0,1,1,3,3,0,3,29.5,2,0,0,13.53
1,1,1,3,3,0,4,29.5,3,0,0,13.53
0,1,1,4,4,1,3,38.45,4,1,0,13.53
0,1,1,4,4,1,4,38.45,5,1,0,13.53
4,1,1,4,4,1,5,29.5,6,1,1,28.67
0,1,1,8,8,5,6,29.5,7,5,1,28.67
1,1,1,8,8,5,7,29.5,8,5,1,28.67
0,1,1,9,9,1,5,38.45,9,6,1,28.67
4,1,1,9,9,1,6,38.45,10,6,1,28.67
0,1,1,13,13,5,7,38.45,11,10,1,28.67
0,1,1,13,13,6,8,29.5,6,1,0,13.53
0,1,1,13,13,6,9,29.5,7,1,0,13.53
0,1,1,13,13,6,10,29.5,8,1,0,13.53
2,1,1,13,13,6,11,29.5,9,1,0,13.53
0,1,1,15,15,8,12,29.5,10,3,0,13.53
0,1,1,15,15,8,13,29.5,11,3,0,13.53
0,1,1,15,15,5,8,38.45,12,10,1,28.67
0,1,1,15,15,5,9,38.45,13,10,1,28.67
0,1,1,15,15,5,10,38.45,14,10,1,28.67
0,1,1,15,15,5,11,38.45,15,10,1,28.67
0,1,1,15,15,5,12,38.45,16,10,1,28.67
0,1,1,15,15,5,13,38.45,17,10,1,28.67
2,1,1,15,15,8,14,29.5,12,3,0,13.53
0,1,1,17,17,10,15,29.5,13,5,0,13.53
4b,1,1,17,17,10,16,29.5,14,5,0,13.53
1,1,1,21,21,10,17,29.5,15,5,0,13.53
0,1,1,22,22,5,14,38.45,16,6,0,13.53
4,1,1,22,22,5,15,38.45,17,6,0,13.53
0,1,1,26,26,11,18,29.5,18,10,1,28.67
2,1,1,26,26,11,19,29.5,19,10,1,28.67
0,1,1,28,28,13,20,29.5,20,12,1,28.67
0,1,1,28,28,13,21,29.5,21,12,1,28.67
0,1,1,28,28,13,22,29.5,22,12,1,28.67
W,1,1,28,28,13,23,29.5,23,12,1,28.67
0,1,2,28,28,9,16,38.45,18,10,0,13.53
1,1,2,28,28,9,17,38.45,19,10,0,13.53
0,1,2,29,29,0,0,63.24,20,11,0,13.53
0,1,2,29,29,0,1,63.24,21,11,0,13.53
0,1,2,29,29,0,2,63.24,22,11,0,13.53
0,1,2,29,29,0,3,63.24,23,11,0,13.53
0,1,2,29,29,10,18,38.45,24,12,2,28.67
0,1,2,29,29,10,19,38.45,25,12,2,28.67
0,1,2,29,29,10,20,38.45,26,12,2,28.67
0,1,2,29,29,10,21,38.45,27,12,2,28.67
0,1,2,29,29,10,22,38.45,28,12,2,28.67
0,1,2,29,29,10,23,38.45,29,12,2,28.67
4,1,2,29,29,0,4,63.24,24,11,0,13.53
1lb,1,2,33,33,4,5,63.24,25,15,0,13.53
0,1,2,34,34,10,24,38.45,26,15,0,13.53
0,1,2,34,34,10,25,38.45,27,15,0,13.53
1,1,2,34,34,10,26,38.45,28,15,0,13.53
0,1,2,35,35,4,6,63.24,29,16,0,13.53
0,1,2,35,35,11,27,38.45,30,12,2,28.67
0,1,2,35,35,11,28,38.45,31,12,2,28.67
1,1,2,35,35,11,29,38.45,32,12,2,28.67
3,1,2,36,36,4,7,63.24,33,13,2,28.67
0,1,2,39,39,12,30,38.45,34,16,2,28.67
0,1,2,39,39,12,31,38.45,35,16,2,28.67
0,1,2,39,39,7,8,63.24,0,0,0,32.22
1,1,2,39,39,7,9,63.24,1,0,0,32.22
1lb,1,2,40,40,12,32,38.45,2,1,0,32.22
0,1,2,41,41,8,10,63.24,3,1,0,32.22
0,1,2,41,41,8,11,63.24,4,1,0,32.22
0,1,2,41,41,8,12,63.24,5,1,0,32.22
0,1,2,41,41,12,33,38.45,36,16,2,28.67
0,1,2,41,41,12,34,38.45,37,16,2,28.67
4,1,2,41,41,12,35,38.45,38,16,2,28.67
0,1,2,45,45,16,36,38.45,39,20,2,28.67
0,1,2,45,45,16,37,38.45,40,20,2,28.67
4,1,2,45,45,16,38,38.45,41,20,2,28.67
0,1,2,49,49,8,13,63.24,6,1,0,32.22
0,1,2,49,49,8,14,63.24,7,1,0,32.22
0,1,2,49,49,8,15,63.24,8,1,0,32.22
4,1,2,49,49,8,16,63.24,9,1,0,32.22
4,1,2,53,53,12,17,63.24,10,5,0,32.22
0,1,2,57,57,16,18,63.24,11,9,0,32.22
0,1,2,57,57,20,39,38.45,0,0,0,25.04
4,1,2,57,57,20,40,38.45,1,0,0,25.04
4,1,2,61,61,24,41,38.45,2,4,0,25.04
1,1,2,65,65,28,42,38.45,3,8,0,25.04
0,1,2,66,66,16,19,63.24,4,9,0,25.04
0,1,2,66,66,16,20,63.24,5,9,0,25.04
0,1,2,66,66,29,43,38.45,12,9,0,32.22
0,1,2,66,66,29,44,38.45,13,9,0,32.22
1,1,2,66,66,29,45,38.45,14,9,0,32.22
4,1,2,67,67,16,21,63.24,15,10,0,32.22
1,1,2,71,71,20,22,63.24,16,14,0,32.22
0,1,2,72,72,30,46,38.45,17,15,0,32.22
0,1,2,72,72,21,23,63.24,6,9,0,25.04
0,1,2,72,72,21,24,63.24,7,9,0,25.04
0,1,2,72,72,21,25,63.24,8,9,0,25.04
0,1,2,72,72,21,26,63.24,9,9,0,25.04
0,1,2,72,72,21,27,63.24,10,9,0,25.04
0,1,2,72,72,21,28,63.24,11,9,0,25.04
0,1,2,72,72,30,47,38.45,18,15,0,32.22
0,1,2,72,72,30,48,38.45,19,15,0,32.22
0,1,2,72,72,30,49,38.45,20,15,0,32.22
0,1,2,72,72,30,50,38.45,21,15,0,32.22
1,1,2,72,72,30,51,38.45,22,15,0,32.22
2,1,2,73,73,21,29,63.24,23,16,0,32.22
0,1,2,75,75,31,52,38.45,12,9,0,25.04
1,1,2,75,75,31,53,38.45,13,9,0,25.04
1,1,2,76,76,23,30,63.24,14,10,0,25.04
2,1,2,77,77,32,54,38.45,15,11,0,25.04
0,1,2,79,79,34,55,38.45,16,13,0,25.04
0,1,2,79,79,34,56,38.45,17,13,0,25.04
0,1,2,79,79,24,31,63.24,0,0,0,42.28
0,1,2,79,79,24,32,63.24,1,0,0,42.28
1,1,2,79,79,24,33,63.24,2,0,0,42.28
0,1,2,80,80,34,57,38.45,3,1,0,42.28
0,1,2,80,80,34,58,38.45,4,1,0,42.28
0,1,2,80,80,34,59,38.45,5,1,0,42.28
0,1,2,80,80,25,34,63.24,18,13,0,25.04
0,1,2,80,80,25,35,63.24,19,13,0,25.04
1,1,2,80,80,25,36,63.24,20,13,0,25.04
0,1,2,81,81,34,60,38.45,21,14,0,25.04
0,1,2,81,81,34,61,38.45,22,14,0,25.04
0,1,2,81,81,34,62,38.45,23,14,0,25.04
1,1,2,81,81,26,37,63.24,6,1,0,42.28
2,1,2,82,82,34,63,38.45,7,2,0,42.28
0,1,2,84,84,36,64,38.45,8,4,0,42.28
0,1,2,84,84,36,65,38.45,9,4,0,42.28
0,1,2,84,84,36,66,38.45,10,4,0,42.28
2,1,2,84,84,36,67,38.45,11,4,0,42.28
0,1,2,86,86,27,38,63.24,24,14,0,25.04
0,1,2,86,86,27,39,63.24,25,14,0,25.04
1,1,2,86,86,27,40,63.24,26,14,0,25.04
2,1,2,87,87,38,68,38.45,27,15,0,25.04
1,1,2,89,89,40,69,38.45,28,17,0,25.04
0,1,2,90,90,28,41,63.24,29,18,0,25.04
4,1,2,90,90,41,70,38.45,12,6,0,42.28
0,1,2,94,94,45,71,38.45,13,10,0,42.28
0,1,2,94,94,45,72,38.45,14,10,0,42.28
0,1,2,94,94,45,73,38.45,15,10,0,42.28
0,1,2,94,94,45,74,38.45,16,10,0,42.28
0,1,2,94,94,45,75,38.45,17,10,0,42.28
0,1,2,94,94,28,42,63.24,30,18,0,25.04
0,1,2,94,94,28,43,63.24,31,18,0,25.04
0,1,2,94,94,28,44,63.24,32,18,0,25.04
0,1,2,94,94,28,45,63.24,33,18,0,25.04
0,1,2,94,94,28,46,63.24,34,18,0,25.04
0,1,2,94,94,28,47,63.24,35,18,0,25.04
4,1,2,94,94,45,76,38.45,18,10,0,42.28
0,1,2,98,98,49,77,38.45,19,14,0,42.28
0,1,2,98,98,49,78,38.45,20,14,0,42.28
0,1,2,98,98,49,79,38.45,21,14,0,42.28
0,1,2,98,98,49,80,38.45,22,14,0,42.28
0,1,2,98,98,49,81,38.45,23,14,0,42.28
0,1,2,98,98,28,48,63.24,30,16,0,13.53
0,1,2,98,98,28,49,63.24,31,16,0,13.53
1,1,2,98,98,28,50,63.24,32,16,0,13.53
0,1,2,99,99,49,82,38.45,33,17,0,13.53
0,1,2,99,99,49,83,38.45,34,17,0,13.53
0,1,2,99,99,49,84,38.45,35,17,0,13.53
1,1,2,99,99,29,51,63.24,42,24,2,28.67
0,1,2,100,100,49,85,38.45,43,25,2,28.67
0,1,2,100,100,49,86,38.45,44,25,2,28.67
1,1,2,100,100,49,87,38.45,45,25,2,28.67
0,1,2,101,101,30,52,63.24,46,26,2,28.67
0,1,2,101,101,30,53,63.24,47,26,2,28.67
1,1,2,101,101,50,88,38.45,36,17,0,13.53
0,1,2,102,102,30,54,63.24,37,18,0,13.53
0,1,2,102,102,30,55,63.24,38,18,0,13.53
0,1,2,102,102,30,56,63.24,39,18,0,13.53
1,1,2,102,102,30,57,63.24,40,18,0,13.53
0,1,2,103,103,51,89,38.45,41,19,0,13.53
4,1,2,103,103,31,58,63.24,48,26,2,28.67
0,1,2,107,107,35,59,63.24,49,30,2,28.67
3,1,2,107,107,35,60,63.24,50,30,2,28.67
0,1,2,110,110,51,90,38.45,51,33,2,28.67
4lb,1,2,110,110,51,91,38.45,52,33,2,28.67
0,1,2,114,114,51,92,38.45,53,33,2,28.67
0,1,2,114,114,38,61,63.24,42,19,0,13.53
4,1,2,114,114,38,62,63.24,43,19,0,13.53
0,1,2,118,118,42,63,63.24,44,23,0,13.53
0,1,2,118,118,42,64,63.24,45,23,0,13.53
0,1,2,118,118,42,65,63.24,46,23,0,13.53
0,1,2,118,118,42,66,63.24,47,23,0,13.53
0,1,2,118,118,51,93,38.45,54,33,2,28.67
0,1,2,118,118,51,94,38.45,55,33,2,28.67
0,1,2,118,118,51,95,38.45,56,33,2,28.67
0,1,2,118,118,51,96,38.45,57,33,2,28.67
1,1,2,118,118,51,97,38.45,58,33,2,28.67
1,1,2,119,119,42,67,63.24,59,34,2,28.67
2,1,2,120,120,43,68,63.24,48,23,0,13.53
0,1,2,122,122,45,69,63.24,49,25,0,13.53
0,1,2,122,122,45,70,63.24,50,25,0,13.53
0,1,2,122,122,45,71,63.24,51,25,0,13.53
0,1,2,122,122,45,72,63.24,52,25,0,13.53
0,1,2,122,122,45,73,63.24,53,25,0,13.53
0,1,2,122,122,52,98,38.45,24,14,0,42.28
0,1,2,122,122,52,99,38.45,25,14,0,42.28
0,1,2,122,122,52,100,38.45,26,14,0,42.28
0,1,2,122,122,52,101,38.45,27,14,0,42.28
1,1,2,122,122,52,102,38.45,28,14,0,42.28
0,1,2,123,123,45,74,63.24,29,15,0,42.28
1,1,2,123,123,53,103,38.45,54,25,0,13.53
1,1,2,124,124,45,75,63.24,55,26,0,13.53
0,1,2,125,125,54,104,38.45,56,27,0,13.53
0,1,2,125,125,54,105,38.45,57,27,0,13.53
0,1,2,125,125,54,106,38.45,58,27,0,13.53
1,1,2,125,125,54,107,38.45,59,27,0,13.53
0,1,2,126,126,55,108,38.45,30,15,0,42.28
4,1,2,126,126,55,109,38.45,31,15,0,42.28
0,1,2,130,130,59,110,38.45,32,19,0,42.28
0,1,2,130,130,59,111,38.45,33,19,0,42.28
1,1,2,130,130,59,112,38.45,34,19,0,42.28
0,1,2,131,131,46,76,63.24,35,20,0,42.28
1,1,2,131,131,60,113,38.45,24,18,0,32.22
0,1,2,132,132,46,77,63.24,25,19,0,32.22
1,1,2,132,132,46,78,63.24,26,19,0,32.22
0,1,2,133,133,61,114,38.45,27,20,0,32.22
1,1,2,133,133,61,115,38.45,28,20,0,32.22
0,1,2,134,134,47,79,63.24,29,21,0,32.22
0,1,2,134,134,62,116,38.45,36,20,0,42.28
0,1,2,134,134,62,117,38.45,37,20,0,42.28
0,1,2,134,134,62,118,38.45,38,20,0,42.28
0,1,2,134,134,62,119,38.45,39,20,0,42.28
0,1,2,134,134,62,120,38.45,40,20,0,42.28
4,1,2,134,134,62,121,38.45,41,20,0,42.28
4,1,2,138,138,47,80,63.24,30,21,0,32.22
1,1,2,142,142,51,81,63.24,31,25,0,32.22
0,1,2,143,143,66,122,38.45,32,26,0,32.22
0,1,2,143,143,66,123,38.45,33,26,0,32.22
0,1,2,143,143,66,124,38.45,34,26,0,32.22
1,1,2,143,143,66,125,38.45,35,26,0,32.22
0,1,2,144,144,67,126,38.45,42,24,0,42.28
W,1,2,144,144,67,127,38.45,43,24,0,42.28
0,1,3,144,144,0,0,45.72,44,24,1,42.28
4,1,3,144,144,0,1,45.72,45,24,1,42.28
0,1,3,148,148,4,2,45.72,46,28,1,42.28
3,1,3,148,148,4,3,45.72,47,28,1,42.28
0,1,3,151,151,7,4,45.72,36,27,0,32.22
3,1,3,151,151,7,5,45.72,37,27,0,32.22
0,1,3,154,154,52,82,63.24,38,30,0,32.22
0,1,3,154,154,52,83,63.24,39,30,0,32.22
1,1,3,154,154,52,84,63.24,40,30,0,32.22
0,1,3,155,155,10,6,45.72,41,31,0,32.22
2,1,3,155,155,53,85,63.24,48,31,1,42.28
0,1,3,157,157,55,86,63.24,49,33,1,42.28
0,1,3,157,157,55,87,63.24,50,33,1,42.28
3,1,3,157,157,55,88,63.24,51,33,1,42.28
0,1,3,160,160,10,7,45.72,52,36,1,42.28
0,1,3,160,160,10,8,45.72,53,36,1,42.28
0,1,3,160,160,58,89,63.24,42,31,0,32.22
1,1,3,160,160,58,90,63.24,43,31,0,32.22
0,1,3,161,161,10,9,45.72,44,32,0,32.22
0,1,3,161,161,10,10,45.72,45,32,0,32.22
4,1,3,161,161,10,11,45.72,46,32,0,32.22
0,1,3,165,165,14,12,45.72,47,36,0,32.22
0,1,3,165,165,59,91,63.24,54,36,1,42.28
1,1,3,165,165,59,92,63.24,55,36,1,42.28
0,1,3,166,166,14,13,45.72,56,37,1,42.28
4,1,3,166,166,14,14,45.72,57,37,1,42.28
0,1,3,170,170,18,15,45.72,58,41,1,42.28
0,1,3,170,170,18,16,45.72,59,41,1,42.28
0,1,3,170,170,60,93,63.24,60,35,2,28.67
0,1,3,170,170,60,94,63.24,61,35,2,28.67
0,1,3,170,170,60,95,63.24,62,35,2,28.67
0,1,3,170,170,60,96,63.24,63,35,2,28.67
0,1,3,170,170,60,97,63.24,64,35,2,28.67
1,1,3,170,170,60,98,63.24,65,35,2,28.67
0,1,3,171,171,61,99,63.24,60,28,0,13.53
4,1,3,171,171,61,100,63.24,61,28,0,13.53
4,1,3,175,175,65,101,63.24,62,32,0,13.53
1,1,3,179,179,69,102,63.24,63,36,0,13.53
0,1,3,180,180,18,17,45.72,64,37,0,13.53
0,1,3,180,180,18,18,45.72,65,37,0,13.53
0,1,3,180,180,70,103,63.24,66,36,2,28.67
0,1,3,180,180,70,104,63.24,67,36,2,28.67
0,1,3,180,180,70,105,63.24,68,36,2,28.67
0,1,3,180,180,70,106,63.24,69,36,2,28.67
0,1,3,180,180,70,107,63.24,70,36,2,28.67
1,1,3,180,180,70,108,63.24,71,36,2,28.67
0,1,3,181,181,71,109,63.24,66,37,0,13.53
0,1,3,181,181,71,110,63.24,67,37,0,13.53
0,1,3,181,181,71,111,63.24,68,37,0,13.53
0,1,3,181,181,71,112,63.24,69,37,0,13.53
0,1,3,181,181,71,113,63.24,70,37,0,13.53
0,1,3,181,181,71,114,63.24,71,37,0,13.53
0,1,3,181,181,18,19,45.72,72,37,2,28.67
1,1,3,181,181,18,20,45.72,73,37,2,28.67
1,1,3,182,182,71,115,63.24,74,38,2,28.67
W,1,3,183,183,19,21,45.72,75,39,2,28.67
0,1,4,183,183,0,0,28.02,76,39,3,28.67
1,1,4,183,183,0,1,28.02,77,39,3,28.67
0,1,4,184,184,1,2,28.02,72,37,0,13.53
0,1,4,184,184,1,3,28.02,73,37,0,13.53
0,1,4,184,184,1,4,28.02,74,37,0,13.53
0,1,4,184,184,1,5,28.02,75,37,0,13.53
0,1,4,184,184,1,6,28.02,76,37,0,13.53
2,1,4,184,184,1,7,28.02,77,37,0,13.53
1,1,4,186,186,72,116,63.24,78,40,3,28.67
0,1,4,187,187,3,8,28.02,79,41,3,28.67
0,1,4,187,187,3,9,28.02,80,41,3,28.67
0,1,4,187,187,3,10,28.02,81,41,3,28.67
1,1,4,187,187,3,11,28.02,82,41,3,28.67
0,1,4,188,188,73,117,63.24,83,42,3,28.67
1,1,4,188,188,4,12,28.02,78,39,0,13.53
0,1,4,189,189,73,118,63.24,79,40,0,13.53
0,1,4,189,189,73,119,63.24,80,40,0,13.53
4,1,4,189,189,73,120,63.24,81,40,0,13.53
0,1,4,193,193,77,121,63.24,82,44,0,13.53
0,1,4,193,193,77,122,63.24,83,44,0,13.53
1,1,4,193,193,5,13,28.02,84,42,3,28.67
0,1,4,194,194,77,123,63.24,85,43,3,28.67
2,1,4,194,194,77,124,63.24,86,43,3,28.67
0,1,4,196,196,79,125,63.24,87,45,3,28.67
0,1,4,196,196,79,126,63.24,88,45,3,28.67
0,1,4,196,196,79,127,63.24,89,45,3,28.67
0,1,4,196,196,6,14,28.02,84,44,0,13.53
0,1,4,196,196,6,15,28.02,85,44,0,13.53
0,1,4,196,196,6,16,28.02,86,44,0,13.53
0,1,4,196,196,6,17,28.02,87,44,0,13.53
0,1,4,196,196,6,18,28.02,88,44,0,13.53
1lb,1,4,196,196,6,19,28.02,89,44,0,13.53
0,1,4,197,197,6,20,28.02,90,45,3,28.67
2,1,4,197,197,6,21,28.02,91,45,3,28.67
0,1,4,199,199,8,22,28.02,92,47,3,28.67
0,1,4,199,199,8,23,28.02,93,47,3,28.67
0,1,4,199,199,8,24,28.02,94,47,3,28.67
0,1,4,199,199,8,25,28.02,95,47,3,28.67
0,1,4,199,199,79,128,63.24,90,44,0,13.53
1,1,4,199,199,79,129,63.24,91,44,0,13.53
4,1,4,200,200,8,26,28.02,92,45,0,13.53
1nb,1,4,204,204,12,27,28.02,93,49,0,13.53
0,1,4,205,205,12,27,28.02,94,50,0,13.53
0,1,4,205,205,12,28,28.02,95,50,0,13.53
4lb,1,4,205,205,12,29,28.02,96,50,0,13.53
1,1,4,209,209,80,130,63.24,36,18,0,25.04
0,1,4,210,210,12,30,28.02,37,19,0,25.04
0,1,4,210,210,12,31,28.02,38,19,0,25.04
0,1,4,210,210,12,32,28.02,39,19,0,25.04
4,1,4,210,210,12,33,28.02,40,19,0,25.04
0,1,4,214,214,16,34,28.02,41,23,0,25.04
0,1,4,214,214,81,131,63.24,60,41,1,42.28
0,1,4,214,214,81,132,63.24,61,41,1,42.28
1,1,4,214,214,81,133,63.24,62,41,1,42.28
0,1,4,215,215,16,35,28.02,63,42,1,42.28
0,1,4,215,215,16,36,28.02,64,42,1,42.28
0,1,4,215,215,16,37,28.02,65,42,1,42.28
0,1,4,215,215,82,134,63.24,42,23,0,25.04
0,1,4,215,215,82,135,63.24,43,23,0,25.04
4,1,4,215,215,82,136,63.24,44,23,0,25.04
0,1,4,219,219,86,137,63.24,45,27,0,25.04
0,1,4,219,219,86,138,63.24,46,27,0,25.04
1,1,4,219,219,86,139,63.24,47,27,0,25.04
0,1,4,220,220,87,140,63.24,66,42,1,42.28
1lb,1,4,220,220,87,141,63.24,67,42,1,42.28
0,1,4,221,221,16,38,28.02,68,42,1,42.28
0,1,4,221,221,16,39,28.02,69,42,1,42.28
0,1,4,221,221,16,40,28.02,70,42,1,42.28
0,1,4,221,221,16,41,28.02,71,42,1,42.28
2,1,4,221,221,87,142,63.24,48,28,0,25.04
0,1,4,223,223,89,143,63.24,49,30,0,25.04
1,1,4,223,223,89,144,63.24,50,30,0,25.04
0,1,4,224,224,16,42,28.02,51,31,0,25.04
W,1,4,224,224,16,43,28.02,52,31,0,25.04
0,1,5,224,224,0,0,31.2,53,31,1,25.04
0,1,5,224,224,90,145,63.24,72,42,1,42.28
1,1,5,224,224,90,146,63.24,73,42,1,42.28
0,1,5,225,225,0,1,31.2,74,43,1,42.28
0,1,5,225,225,0,2,31.2,75,43,1,42.28
1,1,5,225,225,0,3,31.2,76,43,1,42.28
1,1,5,226,226,91,147,63.24,77,44,1,42.28
0,1,5,227,227,92,148,63.24,54,31,1,25.04
0,1,5,227,227,92,149,63.24,55,31,1,25.04
0,1,5,227,227,92,150,63.24,56,31,1,25.04
1,1,5,227,227,92,151,63.24,57,31,1,25.04
0,1,5,228,228,1,4,31.2,58,32,1,25.04
1,1,5,228,228,1,5,31.2,59,32,1,25.04
0,1,5,229,229,2,6,31.2,78,45,1,42.28
0,1,5,229,229,2,7,31.2,79,45,1,42.28
0,1,5,229,229,2,8,31.2,80,45,1,42.28
0,1,5,229,229,2,9,31.2,81,45,1,42.28
1,1,5,229,229,2,10,31.2,82,45,1,42.28
1,1,5,230,230,93,152,63.24,83,46,1,42.28
0,1,5,231,231,94,153,63.24,60,33,1,25.04
1,1,5,231,231,94,154,63.24,61,33,1,25.04
0,1,5,232,232,3,11,31.2,62,34,1,25.04
0,1,5,232,232,3,12,31.2,63,34,1,25.04
0,1,5,232,232,3,13,31.2,64,34,1,25.04
0,1,5,232,232,3,14,31.2,65,34,1,25.04
1,1,5,232,232,95,155,63.24,84,47,1,42.28
0,1,5,233,233,3,15,31.2,85,48,1,42.28
0,1,5,233,233,3,16,31.2,86,48,1,42.28
0,1,5,233,233,3,17,31.2,87,48,1,42.28
0,1,5,233,233,3,18,31.2,88,48,1,42.28
0,1,5,233,233,3,19,31.2,89,48,1,42.28
1,1,5,233,233,96,156,63.24,66,34,1,25.04
1,1,5,234,234,3,20,31.2,67,35,1,25.04
1,1,5,235,235,97,157,63.24,68,36,1,25.04
0,1,5,236,236,4,21,31.2,69,37,1,25.04
0,1,5,236,236,4,22,31.2,70,37,1,25.04
1w,1,5,236,236,98,158,63.24,90,48,1,42.28
0,1,5,237,237,4,23,31.2,71,37,1,25.04
1,1,5,237,237,98,158,63.24,91,49,1,42.28
1,1,5,238,238,4,24,31.2,92,50,1,42.28
2,1,5,239,239,99,159,63.24,93,51,1,42.28
0,1,5,241,241,101,160,63.24,94,53,1,42.28
0,1,5,241,241,101,161,63.24,95,53,1,42.28
0,1,5,241,241,101,162,63.24,96,53,1,42.28
0,1,5,241,241,5,25,31.2,72,37,1,25.04
0,1,5,241,241,5,26,31.2,73,37,1,25.04
0,1,5,241,241,5,27,31.2,74,37,1,25.04
4,1,5,241,241,5,28,31.2,75,37,1,25.04
0,1,5,245,245,9,29,31.2,76,41,1,25.04
0,1,5,245,245,9,30,31.2,77,41,1,25.04
1,1,5,245,245,101,163,63.24,96,47,3,28.67
0,1,5,246,246,9,31,31.2,97,48,3,28.67
0,1,5,246,246,9,32,31.2,98,48,3,28.67
0,1,5,246,246,9,33,31.2,99,48,3,28.67
0,1,5,246,246,9,34,31.2,100,48,3,28.67
0,1,5,246,246,9,35,31.2,101,48,3,28.67
0,1,5,246,246,102,164,63.24,78,41,1,25.04
0,1,5,246,246,102,165,63.24,79,41,1,25.04
1,1,5,246,246,102,166,63.24,80,41,1,25.04
0,1,5,247,247,9,36,31.2,81,42,1,25.04
0,1,5,247,247,9,37,31.2,82,42,1,25.04
0,1,5,247,247,9,38,31.2,83,42,1,25.04
0,1,5,247,247,103,167,63.24,102,48,3,28.67
4,1,5,247,247,103,168,63.24,103,48,3,28.67
1,1,5,251,251,107,169,63.24,104,52,3,28.67
0,1,5,252,252,9,39,31.2,105,53,3,28.67
0,1,5,252,252,9,40,31.2,106,53,3,28.67
0,1,5,252,252,9,41,31.2,107,53,3,28.67
1,1,5,252,252,108,170,63.24,84,42,1,25.04
0,1,5,253,253,9,42,31.2,85,43,1,25.04
4,1,5,253,253,9,43,31.2,86,43,1,25.04
0,1,5,257,257,13,44,31.2,87,47,1,25.04
1,1,5,257,257,13,45,31.2,88,47,1,25.04
0,1,5,258,258,109,171,63.24,89,48,1,25.04
4,1,5,258,258,14,46,31.2,48,36,0,32.22
1,1,5,262,262,18,47,31.2,49,40,0,32.22
4,1,5,263,263,109,172,63.24,50,41,0,32.22
1nb,1,5,267,267,113,173,63.24,51,45,0,32.22
4,1,5,268,268,113,173,63.24,52,46,0,32.22
0,1,5,272,272,117,174,63.24,53,50,0,32.22
1nb,1,5,272,272,117,175,63.24,90,48,1,25.04
1,1,5,273,273,117,175,63.24,54,50,0,32.22
0,1,5,274,274,118,176,63.24,91,49,1,25.04
0,1,5,274,274,118,177,63.24,92,49,1,25.04
0,1,5,274,274,118,178,63.24,93,49,1,25.04
1,1,5,274,274,118,179,63.24,94,49,1,25.04
1,1,5,275,275,19,48,31.2,95,50,1,25.04
1,1,5,276,276,119,180,63.24,96,51,1,25.04
0,1,5,277,277,120,181,63.24,55,51,0,32.22
0,1,5,277,277,120,182,63.24,56,51,0,32.22
1,1,5,277,277,120,183,63.24,57,51,0,32.22
2nb,1,5,278,278,20,49,31.2,58,52,0,32.22
0,1,5,280,280,21,49,31.2,59,54,0,32.22
0,1,5,280,280,121,184,63.24,60,54,0,32.22
4,1,5,280,280,121,185,63.24,61,54,0,32.22
1,1,5,284,284,21,50,31.2,97,52,1,25.04
0,1,5,285,285,125,186,63.24,98,53,1,25.04
0,1,5,285,285,125,187,63.24,99,53,1,25.04
0,1,5,285,285,125,188,63.24,100,53,1,25.04
0,1,5,285,285,125,189,63.24,101,53,1,25.04
0,1,5,285,285,125,190,63.24,102,53,1,25.04
0,1,5,285,285,22,51,31.2,0,0,0,100
0,1,5,285,285,22,52,31.2,1,0,0,100
0,1,5,285,285,22,53,31.2,2,0,0,100
0,1,5,285,285,22,54,31.2,3,0,0,100
0,1,5,285,285,22,55,31.2,4,0,0,100
0,1,5,285,285,22,56,31.2,5,0,0,100
1,1,5,285,285,125,191,63.24,103,53,1,25.04
0,1,5,286,286,22,57,31.2,104,54,1,25.04
1,1,5,286,286,22,58,31.2,105,54,1,25.04
0,1,5,287,287,126,192,63.24,106,55,1,25.04
0,1,5,287,287,126,193,63.24,107,55,1,25.04
1,1,5,287,287,126,194,63.24,108,55,1,25.04
0,1,5,288,288,127,195,63.24,6,0,0,100
1,1,5,288,288,127,196,63.24,7,0,0,100
0,1,5,289,289,23,59,31.2,8,1,0,100
1,1,5,289,289,23,60,31.2,9,1,0,100
0,1,5,290,290,128,197,63.24,10,2,0,100
1,1,5,290,290,128,198,63.24,11,2,0,100
0,1,5,291,291,129,199,63.24,108,53,3,28.67
1,1,5,291,291,129,200,63.24,109,53,3,28.67
0,1,5,292,292,24,61,31.2,110,54,3,28.67
4,1,5,292,292,24,62,31.2,111,54,3,28.67
0,1,5,296,296,28,63,31.2,112,58,3,28.67
0,1,5,296,296,28,64,31.2,113,58,3,28.67
0,1,5,296,296,130,201,63.24,97,50,0,13.53
1,1,5,296,296,130,202,63.24,98,50,0,13.53
0,1,5,297,297,28,65,31.2,99,51,0,13.53
0,1,5,297,297,28,66,31.2,100,51,0,13.53
0,1,5,297,297,28,67,31.2,101,51,0,13.53
0,1,5,297,297,28,68,31.2,102,51,0,13.53
2,1,5,297,297,131,203,63.24,114,58,3,28.67
0,1,5,299,299,133,204,63.24,115,60,3,28.67
4,1,5,299,299,133,205,63.24,116,60,3,28.67
1,1,5,303,303,137,206,63.24,117,64,3,28.67
1,1,5,304,304,28,69,31.2,118,65,3,28.67
0,1,5,305,305,138,207,63.24,119,66,3,28.67
2,1,5,305,305,29,70,31.2,103,51,0,13.53
1,1,5,307,307,31,71,31.2,104,53,0,13.53
1,1,5,308,308,138,208,63.24,105,54,0,13.53
0,1,5,309,309,32,72,31.2,106,55,0,13.53
0,1,5,309,309,32,73,31.2,107,55,0,13.53
0,1,5,309,309,32,74,31.2,108,55,0,13.53
0,1,5,309,309,139,209,63.24,120,66,3,28.67
0,1,5,309,309,139,210,63.24,121,66,3,28.67
0,1,5,309,309,139,211,63.24,122,66,3,28.67
0,1,5,309,309,139,212,63.24,123,66,3,28.67
2,1,5,309,309,139,213,63.24,124,66,3,28.67
2,1,5,311,311,141,214,63.24,125,68,3,28.67
0,1,5,313,313,32,75,31.2,109,55,0,13.53
4,1,5,313,313,32,76,31.2,110,55,0,13.53
0,1,5,317,317,36,77,31.2,111,59,0,13.53
0,1,5,317,317,36,78,31.2,112,59,0,13.53
0,1,5,317,317,36,79,31.2,113,59,0,13.53
0,1,5,317,317,36,80,31.2,114,59,0,13.53
0,1,5,317,317,143,215,63.24,126,70,3,28.67
0,1,5,317,317,143,216,63.24,127,70,3,28.67
0,1,5,317,317,143,217,63.24,128,70,3,28.67
0,1,5,317,317,143,218,63.24,129,70,3,28.67
0,1,5,317,317,143,219,63.24,130,70,3,28.67
1,1,5,317,317,143,220,63.24,131,70,3,28.67
0,1,5,318,318,144,221,63.24,97,53,1,42.28
0,1,5,318,318,144,222,63.24,98,53,1,42.28
0,1,5,318,318,144,223,63.24,99,53,1,42.28
0,1,5,318,318,144,224,63.24,100,53,1,42.28
0,1,5,318,318,144,225,63.24,101,53,1,42.28
0,1,5,318,318,144,226,63.24,102,53,1,42.28
0,1,5,318,318,36,81,31.2,132,71,3,28.67
1,1,5,318,318,36,82,31.2,133,71,3,28.67
0,1,5,319,319,144,227,63.24,134,72,3,28.67
1,1,5,319,319,144,228,63.24,135,72,3,28.67
0,1,5,320,320,37,83,31.2,136,73,3,28.67
1,1,5,320,320,37,84,31.2,137,73,3,28.67
0,1,5,321,321,38,85,31.2,103,53,1,42.28
0,1,5,321,321,38,86,31.2,104,53,1,42.28
4,1,5,321,321,38,87,31.2,105,53,1,42.28
0,1,5,325,325,42,88,31.2,106,57,1,42.28
0,1,5,325,325,42,89,31.2,107,57,1,42.28
0,1,5,325,325,42,90,31.2,108,57,1,42.28
1,1,5,325,325,145,229,63.24,62,58,0,32.22
0,1,5,326,326,42,91,31.2,63,59,0,32.22
4,1,5,326,326,42,92,31.2,64,59,0,32.22
3,1,5,330,330,46,93,31.2,65,63,0,32.22
0,1,5,333,333,146,230,63.24,66,66,0,32.22
1,1,5,333,333,146,231,63.24,109,56,1,25.04
1,1,5,334,334,147,232,63.24,109,57,1,42.28
0,1,5,335,335,49,94,31.2,110,58,1,42.28
0,1,5,335,335,49,95,31.2,111,58,1,42.28
0,1,5,335,335,49,96,31.2,112,58,1,42.28
0,1,5,335,335,49,97,31.2,113,58,1,42.28
0,1,5,335,335,49,98,31.2,114,58,1,42.28
0,1,5,335,335,148,233,63.24,115,59,0,13.53
3,1,5,335,335,148,234,63.24,116,59,0,13.53
0,1,5,338,338,49,99,31.2,117,62,0,13.53
0,1,5,338,338,49,100,31.2,118,62,0,13.53
0,1,5,338,338,49,101,31.2,119,62,0,13.53
0,1,5,338,338,49,102,31.2,120,62,0,13.53
0,1,5,338,338,151,235,63.24,115,58,1,42.28
0,1,5,338,338,151,236,63.24,116,58,1,42.28
4,1,5,338,338,151,237,63.24,117,58,1,42.28
0,1,5,342,342,155,238,63.24,118,62,1,42.28
0,1,5,342,342,155,239,63.24,119,62,1,42.28
0,1,5,342,342,155,240,63.24,120,62,1,42.28
0,1,5,342,342,49,103,31.2,121,62,0,13.53
0,1,5,342,342,49,104,31.2,122,62,0,13.53
0,1,5,342,342,49,105,31.2,123,62,0,13.53
0,1,5,342,342,49,106,31.2,124,62,0,13.53
0,1,5,342,342,49,107,31.2,125,62,0,13.53
0,1,5,342,342,49,108,31.2,126,62,0,13.53
0,1,5,342,342,155,241,63.24,121,62,1,42.28
4,1,5,342,342,155,242,63.24,122,62,1,42.28
2,1,5,346,346,159,243,63.24,123,66,1,42.28
0,1,5,348,348,161,244,63.24,124,68,1,42.28
1,1,5,348,348,161,245,63.24,125,68,1,42.28
0,1,5,349,349,49,109,31.2,126,69,1,42.28
0,1,5,349,349,162,246,63.24,127,62,0,13.53
4,1,5,349,349,162,247,63.24,128,62,0,13.53
0,1,5,353,353,166,248,63.24,129,66,0,13.53
0,1,5,353,353,166,249,63.24,130,66,0,13.53
0,1,5,353,353,166,250,63.24,131,66,0,13.53
0,1,5,353,353,166,251,63.24,132,66,0,13.53
0,1,5,353,353,49,110,31.2,110,57,1,25.04
1,1,5,353,353,49,111,31.2,111,57,1,25.04
0,1,5,354,354,166,252,63.24,112,58,1,25.04
0,1,5,354,354,166,253,63.24,113,58,1,25.04
1,1,5,354,354,166,254,63.24,114,58,1,25.04
0,1,5,355,355,50,112,31.2,115,59,1,25.04
1,1,5,355,355,167,255,63.24,133,66,0,13.53
0,1,5,356,356,50,113,31.2,134,67,0,13.53
0,1,5,356,356,50,114,31.2,135,67,0,13.53
2,1,5,356,356,50,115,31.2,136,67,0,13.53
0,1,5,358,358,52,116,31.2,137,69,0,13.53
4,1,5,358,358,52,117,31.2,138,69,0,13.53
0,1,5,362,362,168,256,63.24,116,59,1,25.04
1,1,5,362,362,168,257,63.24,117,59,1,25.04
0,1,5,363,363,56,118,31.2,118,60,1,25.04
0,1,5,363,363,56,119,31.2,119,60,1,25.04
1,1,5,363,363,56,120,31.2,120,60,1,25.04
0,1,5,364,364,169,258,63.24,121,61,1,25.04
0,1,5,364,364,57,121,31.2,12,3,0,100
0,1,5,364,364,57,122,31.2,13,3,0,100
0,1,5,364,364,57,123,31.2,14,3,0,100
1,1,5,364,364,57,124,31.2,15,3,0,100
4,1,5,365,365,169,259,63.24,16,4,0,100
0,1,5,369,369,173,260,63.24,17,8,0,100
W,1,5,369,369,58,125,31.2,127,69,1,42.28
0,1,6,369,369,0,0,19.53,128,69,2,42.28
4,1,6,369,369,0,1,19.53,129,69,2,42.28
0,1,6,373,373,4,2,19.53,130,73,2,42.28
0,1,6,373,373,4,3,19.53,131,73,2,42.28
0,1,6,373,373,4,4,19.53,132,73,2,42.28
6,1,6,373,373,173,261,63.24,122,61,1,25.04
0,1,6,379,379,179,262,63.24,123,67,1,25.04
0,1,6,379,379,179,263,63.24,124,67,1,25.04
1,1,6,379,379,179,264,63.24,125,67,1,25.04
0,1,6,380,380,4,5,19.53,126,68,1,25.04
1w,1,6,380,380,180,265,63.24,133,73,2,42.28
0,1,6,381,381,4,6,19.53,127,68,1,25.04
0,1,6,381,381,180,265,63.24,134,74,2,42.28
0,1,6,381,381,180,266,63.24,135,74,2,42.28
0,1,6,381,381,180,267,63.24,136,74,2,42.28
0,1,6,381,381,180,268,63.24,137,74,2,42.28
0,1,6,381,381,180,269,63.24,138,74,2,42.28
1,1,6,381,381,180,270,63.24,139,74,2,42.28
0,1,6,382,382,181,271,63.24,128,68,1,25.04
4,1,6,382,382,181,272,63.24,129,68,1,25.04
0,1,6,386,386,185,273,63.24,130,72,1,25.04
1,1,6,386,386,185,274,63.24,131,72,1,25.04
0,1,6,387,387,4,7,19.53,132,73,1,25.04
W,1,6,387,387,4,8,19.53,133,73,1,25.04
0,1,7,387,387,186,275,63.24,140,75,2,42.28
0,1,7,387,387,186,276,63.24,141,75,2,42.28
0,1,7,387,387,186,277,63.24,142,75,2,42.28
0,1,7,387,387,186,278,63.24,143,75,2,42.28
0,1,7,387,387,186,279,63.24,144,75,2,42.28
0,1,7,387,387,186,280,63.24,145,75,2,42.28
0,1,7,387,387,0,0,22.27,134,73,2,25.04
0,1,7,387,387,0,1,22.27,135,73,2,25.04
0,1,7,387,387,0,2,22.27,136,73,2,25.04
0,1,7,387,387,0,3,22.27,137,73,2,25.04
0,1,7,387,387,0,4,22.27,138,73,2,25.04
0,1,7,387,387,0,5,22.27,139,73,2,25.04
0,1,7,387,387,186,281,63.24,146,75,2,42.28
0,1,7,387,387,186,282,63.24,147,75,2,42.28
4,1,7,387,387,186,283,63.24,148,75,2,42.28
0,1,7,391,391,190,284,63.24,149,79,2,42.28
0,1,7,391,391,190,285,63.24,150,79,2,42.28
0,1,7,391,391,190,286,63.24,151,79,2,42.28
0,1,7,391,391,0,6,22.27,140,73,2,25.04
1,1,7,391,391,0,7,22.27,141,73,2,25.04
1,1,7,392,392,190,287,63.24,142,74,2,25.04
0,1,7,393,393,1,8,22.27,143,75,2,25.04
0,1,7,393,393,1,9,22.27,144,75,2,25.04
0,1,7,393,393,1,10,22.27,145,75,2,25.04
0,1,7,393,393,191,288,63.24,152,79,2,42.28
0,1,7,393,393,191,289,63.24,153,79,2,42.28
1w,1,7,393,393,191,290,63.24,154,79,2,42.28
0,1,7,394,394,191,290,63.24,155,80,2,42.28
0,1,7,394,394,191,291,63.24,156,80,2,42.28
0,1,7,394,394,191,292,63.24,157,80,2,42.28
0,1,7,394,394,191,293,63.24,158,80,2,42.28
1,1,7,394,394,1,11,22.27,146,75,2,25.04
0,1,7,395,395,191,294,63.24,147,76,2,25.04
0,1,7,395,395,191,295,63.24,148,76,2,25.04
0,1,7,395,395,191,296,63.24,149,76,2,25.04
0,1,7,395,395,191,297,63.24,150,76,2,25.04
0,1,7,395,395,191,298,63.24,151,76,2,25.04
0,1,7,395,395,2,12,22.27,159,80,2,42.28
0,1,7,395,395,2,13,22.27,160,80,2,42.28
0,1,7,395,395,2,14,22.27,161,80,2,42.28
0,1,7,395,395,2,15,22.27,162,80,2,42.28
4,1,7,395,395,2,16,22.27,163,80,2,42.28
0,1,7,399,399,6,17,22.27,164,84,2,42.28
6,1,7,399,399,191,299,63.24,152,76,2,25.04
0,1,7,405,405,197,300,63.24,153,82,2,25.04
0,1,7,405,405,197,301,63.24,154,82,2,25.04
1,1,7,405,405,197,302,63.24,155,82,2,25.04
0,1,7,406,406,6,18,22.27,156,83,2,25.04
0,1,7,406,406,6,19,22.27,157,83,2,25.04
0,1,7,406,406,198,303,63.24,165,84,2,42.28
0,1,7,406,406,198,304,63.24,166,84,2,42.28
1,1,7,406,406,198,305,63.24,167,84,2,42.28
0,1,7,407,407,6,20,22.27,168,85,2,42.28
0,1,7,407,407,6,21,22.27,169,85,2,42.28
0,1,7,407,407,6,22,22.27,170,85,2,42.28
0,1,7,407,407,199,306,63.24,138,74,3,28.67
2,1,7,407,407,199,307,63.24,139,74,3,28.67
0,1,7,409,409,201,308,63.24,140,76,3,28.67
0,1,7,409,409,201,309,63.24,141,76,3,28.67
0,1,7,409,409,201,310,63.24,142,76,3,28.67
4,1,7,409,409,201,311,63.24,143,76,3,28.67
0,1,7,413,413,6,23,22.27,0,0,0,52.15
2,1,7,413,413,6,24,22.27,1,0,0,52.15
0,1,7,415,415,8,25,22.27,2,2,0,52.15
0,1,7,415,415,8,26,22.27,3,2,0,52.15
0,1,7,415,415,8,27,22.27,4,2,0,52.15
0,1,7,415,415,8,28,22.27,5,2,0,52.15
0,1,7,415,415,205,312,63.24,144,80,3,28.67
1,1,7,415,415,205,313,63.24,145,80,3,28.67
4,1,7,416,416,8,29,22.27,146,81,3,28.67
4,1,7,420,420,12,30,22.27,147,85,3,28.67
4,1,7,424,424,16,31,22.27,148,89,3,28.67
4,1,7,428,428,20,32,22.27,149,93,3,28.67
1,1,7,432,432,206,314,63.24,6,2,0,52.15
0,1,7,433,433,24,33,22.27,7,3,0,52.15
1,1,7,433,433,24,34,22.27,8,3,0,52.15
4,1,7,434,434,207,315,63.24,9,4,0,52.15
W,1,7,438,438,211,316,63.24,10,8,0,52.15
1,1,8,438,438,0,0,11.8,11,8,1,52.15
0,1,8,439,439,1,1,11.8,139,73,0,13.53
0,1,8,439,439,1,2,11.8,140,73,0,13.53
4,1,8,439,439,1,3,11.8,141,73,0,13.53
0,1,8,443,443,5,4,11.8,142,77,0,13.53
4,1,8,443,443,5,5,11.8,143,77,0,13.53
0,1,8,447,447,9,6,11.8,144,81,0,13.53
0,1,8,447,447,25,35,22.27,12,9,1,52.15
6,1,8,447,447,25,36,22.27,13,9,1,52.15
1,1,8,453,453,31,37,22.27,14,15,1,52.15
1,1,8,454,454,9,7,11.8,15,16,1,52.15
4,1,8,455,455,32,38,22.27,16,17,1,52.15
4,1,8,459,459,36,39,22.27,17,21,1,52.15
0,1,8,463,463,10,8,11.8,145,81,0,13.53
1,1,8,463,463,10,9,11.8,146,81,0,13.53
0,1,8,464,464,40,40,22.27,147,82,0,13.53
0,1,8,464,464,40,41,22.27,148,82,0,13.53
6,1,8,464,464,40,42,22.27,149,82,0,13.53
2,1,8,470,470,46,43,22.27,150,88,0,13.53
0,1,8,472,472,11,10,11.8,18,25,1,52.15
1,1,8,472,472,11,11,11.8,19,25,1,52.15
0,1,8,473,473,48,44,22.27,20,26,1,52.15
0,1,8,473,473,48,45,22.27,21,26,1,52.15
1,1,8,473,473,48,46,22.27,22,26,1,52.15
1,1,8,474,474,12,12,11.8,23,27,1,52.15
1,1,8,475,475,13,13,11.8,151,90,0,13.53
0,1,8,476,476,49,47,22.27,152,91,0,13.53
1,1,8,476,476,49,48,22.27,153,91,0,13.53
0,1,8,477,477,14,14,11.8,154,92,0,13.53
0,1,8,477,477,14,15,11.8,155,92,0,13.53
0,1,8,477,477,14,16,11.8,156,92,0,13.53
1,1,8,477,477,50,49,22.27,24,28,1,52.15
1,1,8,478,478,14,17,11.8,25,29,1,52.15
0,1,8,479,479,51,50,22.27,26,30,1,52.15
0,1,8,479,479,51,51,22.27,27,30,1,52.15
0,1,8,479,479,51,52,22.27,28,30,1,52.15
2,1,8,479,479,51,53,22.27,29,30,1,52.15
0,1,8,481,481,15,18,11.8,157,92,0,13.53
0,1,8,481,481,15,19,11.8,158,92,0,13.53
4,1,8,481,481,15,20,11.8,159,92,0,13.53
1,1,8,485,485,19,21,11.8,160,96,0,13.53
0,1,8,486,486,53,54,22.27,161,97,0,13.53
0,1,8,486,486,53,55,22.27,162,97,0,13.53
4b,1,8,486,486,20,22,11.8,30,32,1,52.15
1,1,8,490,490,20,23,11.8,31,32,1,52.15
0,1,8,491,491,53,56,22.27,32,33,1,52.15
1,1,8,491,491,53,57,22.27,33,33,1,52.15
4,1,8,492,492,21,24,11.8,34,34,1,52.15
1,1,8,496,496,25,25,11.8,35,38,1,52.15
